[
  {
    "radicado": "JX-20250816-141546-4202",
    "owner": "cliente",
    "nombre": "angelly ordoñez",
    "email": "angelly2486@gmail.com",
    "tipo": "Reclamo",
    "mensaje": "njnjnjk",
    "fecha": "2025-08-16T19:15:46.626Z",
    "seguimiento": {
      "estado": "En proceso",
      "tipoAccion": "Respuesta por correo",
      "fechaProgramada": "2025-08-19T21:17:00.000Z"
    }
  },
  {
    "radicado": "JX-20250816-164907-9995",
    "owner": "cliente",
    "nombre": "luis",
    "email": "luis.123@gmail.com",
    "tipo": "Queja",
    "mensaje": "fcjsdnfjn",
    "fecha": "2025-08-16T21:49:07.932Z",
    "seguimiento": {
      "estado": "Pendiente",
      "tipoAccion": "Visita técnica",
      "fechaProgramada": null
    }
  }
]